{"cameraMode":{"drawMode":0,"name":"Shaded","section":"Shading Mode"},"sceneLighting":true,"audioPlay":false,"sceneViewState":{"showFog":true,"showMaterialUpdate":false,"showSkybox":true,"showFlares":true,"showImageEffects":true,"showParticleSystems":true},"in2DMode":false,"pivot":{"x":-1.52508544921875,"y":-49.3515625,"z":8.771484375},"rotation":{"x":0.39739829301834109,"y":0.11106441169977188,"z":-0.04852277413010597,"w":0.9096077084541321},"size":63.74858856201172,"orthographic":true}